{
	"cloudfunctionRoot": "cloudfunctions/",
	"setting": {
		"urlCheck": true,
		"es6": true,
		"postcss": true,
		"minified": true,
		"newFeature": true
	},
	"appid": "wxa83132dbde5dfef2",
	"projectname": "test",
	"libVersion": "2.2.5",
	"simulatorType": "wechat",
	"simulatorPluginLibVersion": {},
	"condition": {
		"search": {
			"current": -1,
			"list": []
		},
		"conversation": {
			"current": -1,
			"list": []
		},
		"plugin": {
			"current": -1,
			"list": []
		},
		"game": {
			"list": []
		},
		"miniprogram": {
			"current": 2,
			"list": [
				{
					"id": -1,
					"name": "db guide",
					"pathName": "pages/databaseGuide/databaseGuide",
					"query": ""
				},
				{
					"id": -1,
					"name": "a",
					"pathName": "pages/detail/detail",
					"query": "ee3099285cc548390820793b66c9d0a5",
					"scene": null
				},
				{
					"id": -1,
					"name": "111",
					"pathName": "pages/news/news",
					"query": "方佳琪",
					"scene": null
				}
			]
		}
	}
}